position,ref,alt,len_diff,is_sv,maf,missing_rate,annotation
540400676,GC,G,-1,False,0.08359133126934984,0.0,other
540400794,TTTTCATAGGCC,T,-11,False,0.032507739938080496,0.0,other
540400807,TTCC,T,-3,False,0.032507739938080496,0.0,other
540400839,T,A,0,False,0.43188854489164086,0.0,other
540400933,C,T,0,False,0.04489164086687306,0.0,other
540400966,T,C,0,False,0.06191950464396285,0.0,other
540400967,A,AT,1,False,0.009287925696594427,0.0,other
540401013,AT,A,-1,False,0.4953560371517028,0.0,other
540401020,A,G,0,False,0.018575851393188854,0.0,other
540401034,GT,G,-1,False,0.02321981424148607,0.0,other
540401159,G,A,0,False,0.07275541795665634,0.0,other
540401232,C,CG,1,False,0.2647058823529412,0.0,other
540401282,G,A,0,False,0.06191950464396285,0.0,other
540401326,TG,T,-1,False,0.03715170278637771,0.0,other
540401444,C,T,0,False,0.010835913312693499,0.0,other
540401468,C,CAA,2,False,0.017027863777089782,0.0,other
540401567,AACGT,A,-4,False,0.009287925696594427,0.0,other
540401617,GC,G,-1,False,0.06191950464396285,0.0,other
540401645,G,GA,1,False,0.12074303405572756,0.0,other
540401661,G,A,0,False,0.20743034055727555,0.0,other
540401921,C,T,0,False,0.17027863777089783,0.0,other
540401999,C,T,0,False,0.020123839009287926,0.0,other
540402015,TA,T,-1,False,0.17182662538699692,0.0,other
540402033,TG,T,-1,False,0.02476780185758514,0.0,other
540402038,A,T,0,False,0.42724458204334365,0.0,other
540402085,T,C,0,False,0.42879256965944273,0.0,other
540402092,T,C,0,False,0.17182662538699692,0.0,other
540402101,TGCA,T,-3,False,0.009287925696594427,0.0,other
540402135,C,T,0,False,0.06191950464396285,0.0,other
540402158,CTT,C,-2,False,0.03560371517027864,0.0,other
540402183,C,G,0,False,0.06191950464396285,0.0,other
540402458,G,C,0,False,0.017027863777089782,0.0,other
540402579,A,AT,1,False,0.04953560371517028,0.0,other
540402652,T,C,0,False,0.01393188854489164,0.0,other
540402729,C,T,0,False,0.010835913312693499,0.0,other
540402950,A,C,0,False,0.07275541795665634,0.0,other
540403052,T,C,0,False,0.02631578947368421,0.0,other
540403097,C,A,0,False,0.06811145510835913,0.0,other
540403211,G,T,0,False,0.01238390092879257,0.0,other
540403286,C,T,0,False,0.010835913312693499,0.0,other
540403365,C,CCTGCTT,6,False,0.009287925696594427,0.0,other
540403455,CCTCTAGG,C,-7,False,0.2801857585139319,0.0,other
540403572,A,T,0,False,0.01393188854489164,0.0,other
540403586,A,T,0,False,0.015479876160990712,0.0,other
540403595,C,G,0,False,0.34829721362229105,0.0,other
540404568,T,C,0,False,0.2260061919504644,0.0,other
540404752,T,C,0,False,0.018575851393188854,0.0,other
540404990,T,G,0,False,0.009287925696594427,0.0,other
540405062,A,G,0,False,0.0696594427244582,0.0,other
540405236,A,G,0,False,0.23684210526315788,0.0,other
540405254,C,T,0,False,0.010835913312693499,0.0,other
540405287,A,C,0,False,0.23684210526315788,0.0,other
540405324,A,G,0,False,0.018575851393188854,0.0,other
540405693,C,T,0,False,0.23684210526315788,0.0,other
540405722,G,T,0,False,0.23839009287925697,0.0,other
540405729,AATATTTTCC,A,-9,False,0.23529411764705882,0.0,other
540405847,A,G,0,False,0.009287925696594427,0.0,other
540405857,T,C,0,False,0.06811145510835913,0.0,other
540405898,C,A,0,False,0.20123839009287925,0.0,other
540406094,C,T,0,False,0.4179566563467492,0.0,other
540406181,TGAA,T,-3,False,0.017027863777089782,0.0,other
540406382,G,A,0,False,0.05417956656346749,0.0,other
