position,ref,alt,len_diff,is_sv,maf,missing_rate,annotation,marker_id,index_1based,Hap1_allele,Hap8_allele
237732717,C,T,0,False,0.235984,0.0,promoter,chr6A_237732717,1,T,C
237732765,T,C,0,False,0.03781,0.0012195121951219,promoter,chr6A_237732765,2,C,T
237732843,C,T,0,False,0.089961,0.0012195121951219,promoter,chr6A_237732843,3,T,C
237733119,G,A,0,False,0.088657,0.0024390243902439,promoter,chr6A_237733119,4,A,G
237733413,A,C,0,False,0.088657,0.0012195121951219,promoter,chr6A_237733413,6,C,A
237734096,G,A,0,False,0.088657,0.0024390243902439,promoter,chr6A_237734096,8,A,G
237734242,A,G,0,False,0.088657,0.0012195121951219,promoter,chr6A_237734242,9,G,A
237736296,G,A,0,False,0.03781,0.0060975609756097,intron,chr6A_237736296,10,A,G
237739317,T,C,0,False,0.03781,0.0,intron,chr6A_237739317,14,C,T
237739452,A,T,0,False,0.088657,0.0024390243902439,intron,chr6A_237739452,15,T,A
237740686,G,T,0,False,0.091265,0.0,intron,chr6A_237740686,17,T,G
237740688,G,T,0,False,0.091265,0.0,intron,chr6A_237740688,18,T,G
237741894,C,T,0,False,0.088657,0.0,intron,chr6A_237741894,19,T,C
237742382,A,G,0,False,0.032595,0.0,intron,chr6A_237742382,23,G,A
237743641,T,C,0,False,0.088657,0.0,intron,chr6A_237743641,26,C,T
237744088,A,G,0,False,0.089961,0.0,intron,chr6A_237744088,28,G,A
237745239,G,A,0,False,0.088657,0.0012195121951219,intron,chr6A_237745239,30,A,G
237745998,T,C,0,False,0.088657,0.0012195121951219,intron,chr6A_237745998,31,C,T
237746525,T,C,0,False,0.032595,0.0,intron,chr6A_237746525,32,C,T
237746576,A,G,0,False,0.091265,0.0,intron,chr6A_237746576,33,G,A
237748751,T,C,0,False,0.03781,0.0012195121951219,intron,chr6A_237748751,37,C,T
237749429,A,G,0,False,0.088657,0.0,intron,chr6A_237749429,39,G,A
237751479,C,T,0,False,0.089961,0.0,intron,chr6A_237751479,42,T,C
237752931,T,C,0,False,0.088657,0.0012195121951219,intron,chr6A_237752931,46,C,T
237753562,C,T,0,False,0.089961,0.0,intron,chr6A_237753562,48,T,C
237754703,C,T,0,False,0.039113,0.0365853658536585,intron,chr6A_237754703,54,T,C
237759223,C,T,0,False,0.088657,0.0024390243902439,intron,chr6A_237759223,55,T,C
