position,ref,alt,distance_to_tss,is_sv,maf,overlaps_cds,overlapping_genes
24657335,A,,1847,False,0.5,False,
24657417,A,G,1765,False,0.14814814814814814,False,
24657798,C,T,1384,False,0.037037037037037035,False,
24658103,G,A,1079,False,0.14814814814814814,False,
24658223,AACTACCACGGT,A,959,False,0.037037037037037035,False,
24658305,C,,877,False,0.5,False,
24658388,G,,794,False,0.5,False,
24658400,T,C,782,False,0.14814814814814814,False,
24658430,G,,752,False,0.5,False,
24658570,T,C,612,False,0.14814814814814814,False,
24658766,A,T,416,False,0.14814814814814814,False,
24658801,A,T,381,False,0.037037037037037035,False,
24658811,G,A,371,False,0.037037037037037035,False,
24658823,G,A,359,False,0.18518518518518517,False,
24658885,A,,297,False,0.5,False,
24658886,G,,296,False,0.5,False,
24658901,T,C,281,False,0.18518518518518517,False,
24659010,G,,172,False,0.5,False,
24659017,G,GA,165,False,0.037037037037037035,False,
24659078,A,C,104,False,0.18518518518518517,False,
